{"cameraMode":{"drawMode":0,"name":"Shaded","section":"Shading Mode"},"sceneLighting":true,"audioPlay":false,"sceneViewState":{"m_AlwaysRefresh":false,"showFog":true,"showSkybox":true,"showFlares":true,"showImageEffects":true,"showParticleSystems":true,"showVisualEffectGraphs":true,"m_FxEnabled":true},"in2DMode":false,"pivot":{"x":-3.5324509143829347,"y":3.675865411758423,"z":-3.9459681510925295},"rotation":{"x":0.04418554902076721,"y":0.22026871144771577,"z":-0.009970155544579029,"w":0.9744350910186768},"size":6.566402912139893,"orthographic":false}